{"cameraMode":{"drawMode":0,"name":"Shaded","section":"Shading Mode"},"sceneLighting":true,"audioPlay":false,"sceneViewState":{"m_AlwaysRefresh":false,"showFog":true,"showSkybox":true,"showFlares":true,"showImageEffects":true,"showParticleSystems":true,"showVisualEffectGraphs":true,"m_FxEnabled":true},"in2DMode":false,"pivot":{"x":-0.23057331144809724,"y":0.5333033800125122,"z":-0.18262602388858796},"rotation":{"x":-0.07113699615001679,"y":0.9288415908813477,"z":-0.26037710905075076,"w":-0.2537665069103241},"size":1.3954285383224488,"orthographic":false}